{
  "pipeline/db.py": 1774797313.1599514,
  "pipeline/models.py": 1774797304.1243699,
  "pipeline/queue_connection.py": 1774796710.347755,
  "pipeline/main.py": 1774797501.422049,
  "pipeline/workers/ffmpeg.py": 1774797470.2537863,
  "pipeline/workers/tts.py": 1774797425.4678164,
  "pipeline/workers/__init__.py": 1774796711.284616,
  "pipeline/workers/animation.py": 1774797440.3658075,
  "pipeline/workers/composition.py": 1774797463.241744,
  "pipeline/services/animation_service.py": 1774797431.980615,
  "pipeline/services/tts_service.py": 1774797413.6223886,
  "pipeline/services/__init__.py": 1774797403.6499133,
  "pipeline/services/ffmpeg_service.py": 1774797458.1956475,
  "pipeline/services/composition_service.py": 1774797447.9671407,
  "web/next-env.d.ts": 1774807970.9060788,
  "web/drizzle.config.ts": 1774749756.4729323,
  "web/vitest.config.ts": 1774797921.4846349,
  "web/next.config.ts": 1774797703.3412006,
  "web/src/instrumentation.ts": 1774797670.2875078,
  "web/src/app/layout.tsx": 1774808757.4249766,
  "web/src/app/page.tsx": 1774809022.6782577,
  "web/src/app/settings/page.tsx": 1774827672.9465704,
  "web/src/app/calendar/page.tsx": 1774798305.441303,
  "web/src/app/library/page.tsx": 1774798052.7889302,
  "web/src/app/library/[assetId]/page.tsx": 1774798088.3898418,
  "web/src/app/recommendations/page.tsx": 1774806679.8641272,
  "web/src/app/scripts/page.tsx": 1774887966.694463,
  "web/src/app/scripts/components/script-actions.tsx": 1774797158.8730922,
  "web/src/app/scripts/components/generate-batch-button.tsx": 1774887798.8648982,
  "web/src/app/production/page.tsx": 1774797750.4645922,
  "web/src/app/production/components/retry-button.tsx": 1774797739.934235,
  "web/src/app/api/settings/route.ts": 1774805897.3377821,
  "web/src/app/api/llm/generate/route.ts": 1774887754.915171,
  "web/src/app/api/posts/[postId]/publish/route.ts": 1774806347.2757418,
  "web/src/app/api/calendar/route.ts": 1774806275.375682,
  "web/src/app/api/calendar/[scheduleId]/route.ts": 1774806285.0348198,
  "web/src/app/api/niche-research/route.ts": 1774806659.2064838,
  "web/src/app/api/retrospective/run/route.ts": 1774806666.3691826,
  "web/src/app/api/recommendations/route.ts": 1774806636.5871067,
  "web/src/app/api/personas/[id]/route.ts": 1774827644.5930967,
  "web/src/app/api/scripts/route.ts": 1774797109.6174183,
  "web/src/app/api/scripts/[id]/route.ts": 1774887955.0644085,
  "web/src/app/api/production/route.ts": 1774797731.351472,
  "web/src/app/api/production/[id]/retry/route.ts": 1774797735.611591,
  "web/src/app/api/jobs/batch/route.ts": 1774887762.281764,
  "web/src/app/api/jobs/[jobId]/route.ts": 1774819519.847577,
  "web/src/app/api/ideas/route.ts": 1774819424.025831,
  "web/src/app/api/analytics/route.ts": 1774806510.2439237,
  "web/src/app/api/analytics/ingest/route.ts": 1774806520.2451065,
  "web/src/app/ideas/page.tsx": 1774898900.2386634,
  "web/src/app/analytics/page.tsx": 1774798449.8986456,
  "web/src/components/calendar-week.tsx": 1774797994.599931,
  "web/src/components/settings-form.tsx": 1774805909.4253342,
  "web/src/components/idea-actions.tsx": 1774898919.117708,
  "web/src/components/run-retrospective-button.tsx": 1774806685.455804,
  "web/src/components/script-card.tsx": 1774887949.7064128,
  "web/src/components/generate-ideas-button.tsx": 1774826556.4962168,
  "web/src/components/insight-card.tsx": 1774805874.3600247,
  "web/src/components/persona-form.tsx": 1774827658.7006817,
  "web/src/components/kpi-card.tsx": 1774797983.0137014,
  "web/src/components/sidebar.tsx": 1774805930.2147224,
  "web/src/components/asset-card.tsx": 1774798040.6835957,
  "web/src/components/niche-research-form.tsx": 1774806703.222102,
  "web/src/components/ui/tabs.tsx": 1774797122.228114,
  "web/src/components/ui/card.tsx": 1774797715.002542,
  "web/src/components/ui/progress.tsx": 1774797714.9675493,
  "web/src/components/ui/scroll-area.tsx": 1774796789.3013291,
  "web/src/components/ui/dialog.tsx": 1774797122.3892822,
  "web/src/components/ui/badge.tsx": 1774797122.201632,
  "web/src/components/ui/table.tsx": 1774797122.1547418,
  "web/src/components/ui/separator.tsx": 1774796789.2730958,
  "web/src/components/ui/button.tsx": 1774796783.0862715,
  "web/src/components/ui/dropdown-menu.tsx": 1774797122.3315835,
  "web/src/components/ui/select.tsx": 1774797122.2827976,
  "web/src/__tests__/analytics.test.ts": 1774797942.382564,
  "web/src/__tests__/next-slot.test.ts": 1774806173.0039055,
  "web/src/__tests__/frequency-cap.test.ts": 1774806012.2130516,
  "web/src/lib/analytics.ts": 1774797963.0889874,
  "web/src/lib/utils.ts": 1774796783.1151547,
  "web/src/lib/automation.ts": 1774797620.1995933,
  "web/src/lib/cron.ts": 1774806329.6788235,
  "web/src/lib/platforms/tiktok.ts": 1774805996.7047732,
  "web/src/lib/platforms/instagram.ts": 1774805998.2766004,
  "web/src/lib/platforms/types.ts": 1774805994.8532052,
  "web/src/lib/platforms/index.ts": 1774806001.6690867,
  "web/src/lib/platforms/youtube.ts": 1774805999.9495735,
  "web/src/lib/scheduling/next-slot.ts": 1774806136.4502223,
  "web/src/lib/scheduling/frequency-cap.ts": 1774806021.5886874,
  "web/src/lib/queue/connection.ts": 1774749939.9027987,
  "web/src/lib/queue/producers.ts": 1774806259.6096158,
  "web/src/lib/db/schema.ts": 1774898824.4898045,
  "web/src/lib/db/seed.ts": 1774810535.7629497,
  "web/src/lib/db/relations.ts": 1774798329.8550081,
  "web/src/lib/db/index.ts": 1774798347.4427598,
  "web/src/lib/ollama/prompts.ts": 1774898841.6599574,
  "web/src/lib/ollama/types.ts": 1774796942.3428085,
  "web/src/lib/ollama/client.ts": 1774811091.507463,
  "web/src/lib/ollama/index.ts": 1774796963.0250525,
  "web/src/lib/analytics/aggregations.ts": 1774806500.5120652,
  "web/src/lib/analytics/types.ts": 1774806440.27206,
  "web/src/lib/analytics/fetchers/tiktok.ts": 1774806445.2171147,
  "web/src/lib/analytics/fetchers/instagram.ts": 1774806448.458535,
  "web/src/lib/analytics/fetchers/index.ts": 1774806457.8045797,
  "web/src/lib/analytics/fetchers/youtube.ts": 1774806452.354466,
  "web/src/workers/post-dispatcher-worker.ts": 1774806304.7964501,
  "web/src/workers/retrospective-worker.ts": 1774806541.1539707,
  "web/src/workers/qa-worker.ts": 1774797627.532971,
  "web/src/workers/ideation-worker.ts": 1774898862.4039547,
  "web/src/workers/cron-dispatcher.ts": 1774806311.0427208,
  "web/src/workers/schedule-worker.ts": 1774797637.5010297,
  "web/src/workers/script-worker.ts": 1774796997.1089854,
  "web/src/workers/index.ts": 1774806548.2547793,
  "web/src/workers/performance-ingest-worker.ts": 1774806474.3809662,
  "ugc_virtual_creator_prd.md": 1774736874.0422518,
  "pipeline/requirements.txt": 1774797290.4196315,
  "web/README.md": 1774749572.8703067,
  "web/AGENTS.md": 1774749590.1119967,
  "web/CLAUDE.md": 1774749590.1121054,
  "docs/superpowers/plans/2026-03-29-plan-5-web-ui.md": 1774748873.4933136,
  "docs/superpowers/plans/2026-03-29-plan-6-scheduling-posting.md": 1774748909.642391,
  "docs/superpowers/plans/2026-03-29-plan-3-python-pipeline.md": 1774748599.9781363,
  "docs/superpowers/plans/2026-03-29-plan-2-llm-content-generation.md": 1774748510.9249668,
  "docs/superpowers/plans/2026-03-29-plan-7-analytics-recommendations.md": 1774748994.5334835,
  "docs/superpowers/plans/2026-03-29-plan-4-job-orchestration.md": 1774748667.9771204,
  "docs/superpowers/plans/2026-03-29-plan-1-foundation.md": 1774739413.6497803,
  "docs/superpowers/specs/2026-03-29-virtual-creator-os-design.md": 1774739159.0903428,
  "web/public/file.svg": 1774749572.8702888,
  "web/public/vercel.svg": 1774749572.8710873,
  "web/public/next.svg": 1774749572.870975,
  "web/public/globe.svg": 1774749572.8709376,
  "web/public/window.svg": 1774749572.870977,
  "web/src/app/icon.svg": 1774825437.6410236
}